Country,Clicks,Impressions,CTR,Position
United States,445,50436,0.0088,8.33
United Kingdom,115,8411,0.0137,7.0
Nigeria,92,6518,0.0141,5.23
Canada,52,4783,0.0109,7.06
South Africa,47,3952,0.011899999999999999,5.81
Australia,46,3393,0.013600000000000001,6.46
Kenya,44,3316,0.013300000000000001,5.25
India,31,4882,0.0063,6.9
Ghana,24,1389,0.0173,5.17
Philippines,22,3229,0.0068000000000000005,6.08
Zambia,15,946,0.0159,5.37
Germany,15,795,0.0189,6.04
United Arab Emirates,14,789,0.0177,5.57
Uganda,13,1554,0.0084,5.12
Ireland,10,640,0.015600000000000001,5.78
Singapore,9,717,0.0126,6.15
Spain,9,481,0.0187,8.06
Malaysia,8,597,0.0134,6.75
France,8,368,0.0217,7.0
Poland,7,311,0.0225,6.43
New Zealand,6,579,0.0104,6.35
Bangladesh,6,207,0.028999999999999998,11.26
Denmark,6,137,0.0438,6.15
Pakistan,4,585,0.0068000000000000005,7.56
Jamaica,4,384,0.0104,5.78
Mexico,4,341,0.011699999999999999,8.41
Belgium,4,204,0.0196,6.63
Portugal,4,159,0.0252,6.89
Switzerland,4,127,0.0315,6.46
Thailand,3,1099,0.0027,4.0
Italy,3,476,0.0063,6.67
Indonesia,3,411,0.0073,10.2
Namibia,3,404,0.0074,5.87
Hong Kong,3,361,0.0083,5.87
Egypt,3,202,0.0149,7.35
Guernsey,3,41,0.0732,5.32
Netherlands,2,609,0.0033,6.43
Greece,2,206,0.0097,5.28
Israel,2,179,0.011200000000000002,6.59
Tanzania,2,177,0.0113,6.24
Nepal,2,149,0.0134,5.54
Finland,2,118,0.0169,6.01
Rwanda,2,105,0.019,5.58
Bahrain,2,65,0.0308,5.46
Congo - Kinshasa,2,34,0.0588,4.26
Antigua & Barbuda,2,23,0.087,4.3
Moldova,2,18,0.11109999999999999,8.17
Saudi Arabia,1,431,0.0023,8.12
Japan,1,343,0.0029,6.98
Brazil,1,298,0.0034000000000000002,8.48
Zimbabwe,1,267,0.0037,5.65
Russia,1,228,0.0044,9.52
Sweden,1,212,0.004699999999999999,6.49
Malawi,1,208,0.0048,5.62
Cameroon,1,200,0.005,6.14
Botswana,1,194,0.0052,5.53
Turkey,1,182,0.0055000000000000005,9.21
Sri Lanka,1,165,0.0060999999999999995,5.41
Norway,1,163,0.0060999999999999995,5.93
South Korea,1,163,0.0060999999999999995,6.13
Trinidad & Tobago,1,143,0.006999999999999999,5.51
Qatar,1,141,0.0070999999999999995,5.93
Bahamas,1,123,0.008100000000000001,5.28
Sierra Leone,1,108,0.009300000000000001,5.64
Czechia,1,100,0.01,5.82
Austria,1,93,0.0108,6.16
Papua New Guinea,1,91,0.011000000000000001,5.9
Jordan,1,87,0.0115,13.94
Lesotho,1,81,0.0123,7.16
Malta,1,75,0.013300000000000001,5.89
Cyprus,1,58,0.0172,5.14
Chile,1,53,0.0189,7.32
Dominican Republic,1,52,0.0192,5.85
Puerto Rico,1,52,0.0192,6.4
Costa Rica,1,33,0.030299999999999997,6.7
Slovenia,1,27,0.037000000000000005,6.7
Yemen,1,26,0.0385,5.31
Benin,1,25,0.04,5.8
Palestine,1,20,0.05,4.55
Panama,1,20,0.05,6.35
Azerbaijan,1,18,0.0556,12.11
Jersey,1,17,0.0588,5.53
Luxembourg,1,15,0.0667,7.07
Congo - Brazzaville,1,6,0.16670000000000001,2.5
Vietnam,0,658,0.0,13.04
Taiwan,0,166,0.0,6.57
Liberia,0,164,0.0,5.51
Argentina,0,156,0.0,8.94
Ukraine,0,156,0.0,10.03
Morocco,0,146,0.0,14.81
Ethiopia,0,135,0.0,5.59
Oman,0,110,0.0,5.57
Romania,0,110,0.0,5.81
Colombia,0,98,0.0,9.96
China,0,91,0.0,6.79
Lebanon,0,88,0.0,5.94
Iraq,0,86,0.0,10.76
South Sudan,0,84,0.0,6.01
Algeria,0,79,0.0,9.43
Barbados,0,76,0.0,5.87
Gambia,0,75,0.0,5.48
Croatia,0,75,0.0,5.6
Swaziland,0,73,0.0,5.9
Kuwait,0,72,0.0,6.08
Hungary,0,67,0.0,5.88
Iran,0,65,0.0,6.6
Slovakia,0,64,0.0,6.27
Cambodia,0,63,0.0,6.25
Fiji,0,57,0.0,5.49
Peru,0,55,0.0,4.69
Serbia,0,55,0.0,5.84
Guyana,0,55,0.0,6.36
Mauritius,0,50,0.0,5.88
Ecuador,0,49,0.0,7.16
Bulgaria,0,48,0.0,5.31
Syria,0,47,0.0,5.15
Laos,0,45,0.0,2.4
Venezuela,0,45,0.0,6.87
Belize,0,41,0.0,5.22
Lithuania,0,40,0.0,6.67
Estonia,0,38,0.0,6.5
Senegal,0,38,0.0,9.08
Albania,0,37,0.0,5.41
Georgia,0,36,0.0,5.94
Maldives,0,36,0.0,6.94
Tunisia,0,35,0.0,7.97
Latvia,0,34,0.0,6.15
Côte d’Ivoire,0,32,0.0,6.94
Brunei,0,30,0.0,5.3
Guam,0,30,0.0,6.97
Mozambique,0,29,0.0,5.55
Bhutan,0,29,0.0,5.79
Uzbekistan,0,28,0.0,6.25
Iceland,0,24,0.0,5.83
Kazakhstan,0,24,0.0,6.79
Bosnia & Herzegovina,0,23,0.0,5.61
Samoa,0,23,0.0,5.87
Guatemala,0,23,0.0,6.22
Grenada,0,23,0.0,7.09
Somalia,0,22,0.0,7.86
Suriname,0,21,0.0,4.67
El Salvador,0,21,0.0,4.81
Belarus,0,21,0.0,6.95
Libya,0,18,0.0,5.72
Macau,0,18,0.0,5.89
Angola,0,18,0.0,6.28
Macedonia,0,17,0.0,6.18
St. Vincent & Grenadines,0,17,0.0,6.24
U.S. Virgin Islands,0,17,0.0,6.24
Bolivia,0,17,0.0,10.29
Togo,0,16,0.0,5.5
Aruba,0,15,0.0,5.33
Seychelles,0,15,0.0,6.0
Myanmar (Burma),0,15,0.0,6.33
Cayman Islands,0,15,0.0,6.6
Nicaragua,0,15,0.0,9.8
Isle of Man,0,14,0.0,8.07
St. Lucia,0,13,0.0,5.54
Bermuda,0,12,0.0,6.5
Honduras,0,12,0.0,6.67
Armenia,0,12,0.0,14.92
Afghanistan,0,11,0.0,5.55
Dominica,0,10,0.0,4.3
Montenegro,0,10,0.0,5.8
Uruguay,0,9,0.0,4.67
Madagascar,0,9,0.0,5.44
Guinea,0,9,0.0,5.56
Kyrgyzstan,0,9,0.0,6.78
Curaçao,0,9,0.0,7.0
Gibraltar,0,8,0.0,6.5
Mongolia,0,8,0.0,10.5
Marshall Islands,0,7,0.0,4.29
Sudan,0,7,0.0,5.14
St. Kitts & Nevis,0,7,0.0,5.29
Northern Mariana Islands,0,7,0.0,5.43
Haiti,0,7,0.0,6.43
Turks & Caicos Islands,0,7,0.0,7.43
Paraguay,0,7,0.0,7.71
Unknown Region,0,6,0.0,4.0
Micronesia,0,5,0.0,3.4
Burundi,0,5,0.0,3.6
American Samoa,0,5,0.0,4.2
Solomon Islands,0,5,0.0,4.8
Equatorial Guinea,0,5,0.0,8.8
Sint Maarten,0,5,0.0,9.0
Burkina Faso,0,5,0.0,10.0
St. Martin,0,4,0.0,4.25
Turkmenistan,0,4,0.0,5.5
Cuba,0,4,0.0,7.0
Mauritania,0,4,0.0,7.25
British Virgin Islands,0,4,0.0,8.25
St. Helena,0,3,0.0,3.0
Kiribati,0,3,0.0,5.67
Andorra,0,3,0.0,6.0
Cape Verde,0,3,0.0,7.0
Mali,0,3,0.0,7.0
Gabon,0,3,0.0,8.0
Greenland,0,3,0.0,9.33
Faroe Islands,0,2,0.0,3.5
Tajikistan,0,2,0.0,3.5
Chad,0,2,0.0,5.5
Timor-Leste,0,2,0.0,5.5
Djibouti,0,2,0.0,6.0
Niger,0,2,0.0,6.0
Palau,0,2,0.0,6.0
Vanuatu,0,2,0.0,8.0
Nauru,0,2,0.0,8.5
Central African Republic,0,1,0.0,2.0
Kosovo,0,1,0.0,4.0
Martinique,0,1,0.0,5.0
Åland Islands,0,1,0.0,6.0
Montserrat,0,1,0.0,6.0
British Indian Ocean Territory,0,1,0.0,7.0
Western Sahara,0,1,0.0,8.0
Guinea-Bissau,0,1,0.0,9.0
North Korea,0,1,0.0,11.0
Réunion,0,1,0.0,11.0
Anguilla,0,1,0.0,12.0
