Top queries,Clicks,Impressions,CTR,Position
you owe me app,21,66,0.3182,2.89
how to remind someone who promised you money,15,478,0.031400000000000004,3.87
youoweme,12,41,0.2927,2.39
how to remind someone who promised you money via text,8,336,0.023799999999999998,2.97
running balance meaning,7,2316,0.003,5.16
owe you app,7,1380,0.0051,5.84
how to remind someone who promised you something,6,282,0.0213,5.93
how to remind someone they owe you money via text,5,201,0.024900000000000002,4.83
how to remind someone to pay you,4,607,0.0066,11.23
what is running balance,4,546,0.0073,4.17
long text message to someone who owes you money,3,121,0.0248,5.45
what is a running balance,2,825,0.0024,6.04
owe you app review,2,161,0.0124,8.52
how to say no to someone asking for money examples,2,147,0.013600000000000001,7.32
text message to someone who owes you money on whatsapp,2,91,0.022000000000000002,4.35
how to politely remind someone who promised you money,2,71,0.0282,4.24
running balance,1,1270,0.0008,6.24
owe me,1,987,0.001,6.32
what does running balance mean,1,628,0.0016,4.99
asking for money back text messages sample,1,430,0.0023,9.75
how to shame someone who owes you money,1,302,0.0033,11.18
is the owe you app legit,1,301,0.0033,9.03
owe you,1,283,0.0034999999999999996,12.4
how to politely ask someone to pay you via text,1,232,0.0043,10.66
how to politely remind someone to pay you,1,218,0.0046,11.56
is owe you app legit,1,196,0.0051,8.06
how to shame someone who owes you money online,1,174,0.005699999999999999,9.07
how to say no to someone asking for money,1,148,0.0068000000000000005,8.82
oweme,1,130,0.0077,8.05
how to say no when someone asks for money,1,125,0.008,7.95
owe you app android,1,103,0.0097,3.59
i owe you app,1,95,0.0105,4.83
how to tell someone they forgot to pay you via text,1,93,0.0108,6.02
how to remind your boyfriend about the money he promised,1,87,0.0115,4.94
owe you app legit,1,81,0.0123,8.28
you owe me,1,78,0.0128,8.6
how to remind someone who promised to help you with money,1,74,0.013500000000000002,4.43
how to remind someone who promised to gift you money,1,71,0.0141,5.72
rolling balance meaning,1,68,0.0147,4.24
what is running balance in bank,1,59,0.0169,4.64
short text to remind someone to pay you,1,57,0.0175,4.77
what is a running balance in banking,1,49,0.0204,4.16
how to say no when someone asks to borrow money,1,46,0.0217,8.11
how to tell someone they owe you money,1,42,0.023799999999999998,10.14
who owes what,1,42,0.023799999999999998,30.26
oweyou app,1,37,0.027000000000000003,3.46
is the oweyou app legit,1,35,0.0286,7.34
how to tell someone they forgot to pay you via text sample,1,33,0.030299999999999997,5.12
how to tell someone no when they ask for money,1,29,0.0345,8.83
how to remind someone who promised you something on whatsapp,1,28,0.035699999999999996,3.82
who owes me,1,26,0.0385,8.08
how to remind someone who owes you money,1,21,0.047599999999999996,6.48
how to ask someone for money text message example,1,20,0.05,17.15
who owes what calculator,1,19,0.0526,38.53
what is running balance mean,1,18,0.0556,5.0
how to gently remind someone they owe you money,1,15,0.0667,6.6
oweyou app reviews,1,15,0.0667,8.2
how do you remind someone who promised you money,1,11,0.0909,5.09
how to work out who owes what,1,10,0.1,5.3
how to tell someone you can't lend them money,1,4,0.25,8.0
app to keep track of money owed to me,1,3,0.3333,6.0
i don't have any money to pay you,1,1,1.0,1.0
more apps,1,1,1.0,3.0
i owe you money,0,345,0.0,9.21
how to remind someone they owe you money,0,169,0.0,7.47
owes me,0,143,0.0,8.98
tracking payments with roommate spreadsheet,0,140,0.0,15.36
how to remind someone who promised you something via text,0,138,0.0,5.7
thinkgs yo say to borrow money,0,131,0.0,7.17
roommate expense tracker,0,120,0.0,47.27
what does running balance mean on checking account,0,117,0.0,5.52
how to remind someone to pay you text,0,99,0.0,11.58
how much you owe me,0,95,0.0,7.23
"""need a better way to track expenses"" -site:reddit.com -site:twitter.com 
-site:x.com -site:wykop.pl -site:tripadvisor.com -site:youtube.com 
-site:yelp.com -site:booking.com -site:facebook.com -site:instagram.com 
-site:tiktok.com",0,81,0.0,5.22
text message to someone who owes you money,0,80,0.0,7.12
what i owe,0,77,0.0,14.58
what does a running balance mean,0,74,0.0,4.96
shared expense tracker for teams,0,73,0.0,46.37
who owes me money app,0,70,0.0,7.79
whats a running balance,0,69,0.0,5.87
how to remind someone politely through text message,0,69,0.0,9.19
how to politely remind someone they owe you money,0,66,0.0,7.73
owe me app,0,64,0.0,3.42
how can i track shared expenses with my roommates long-term?,0,64,0.0,50.25
"""how do i track who owes me money without spreadsheets?""",0,62,0.0,3.39
owe.us.com,0,62,0.0,5.95
i need a simple app to track who owes me money,0,62,0.0,9.24
you owe,0,62,0.0,10.06
running balance definition,0,60,0.0,4.5
meaning of running balance,0,56,0.0,5.16
how do i say no to my son asking for money,0,56,0.0,18.21
what does show running balance mean,0,54,0.0,4.11
roommate bill split,0,54,0.0,68.56
how to kindly remind someone to pay you,0,53,0.0,15.13
ledgee vs splitwise,0,52,0.0,5.5
how to politely say no to someone asking for money,0,52,0.0,8.87
how to nicely remind someone to pay you,0,51,0.0,14.35
owe app,0,50,0.0,6.04
ledger vs splitwise,0,50,0.0,27.6
my friend is asking for money how to say no,0,49,0.0,6.69
running balance means,0,48,0.0,4.71
how much do you owe me,0,48,0.0,7.9
how to remind someone to pay you politely,0,48,0.0,16.21
what is the meaning of running balance,0,47,0.0,5.68
how to remind a friend to pay you,0,47,0.0,7.11
rolling balance,0,47,0.0,8.57
u owe me,0,47,0.0,11.49
how to remind someone that they owe you money,0,45,0.0,8.47
shared ledger app,0,45,0.0,10.62
owed me,0,45,0.0,12.6
running balance example,0,44,0.0,7.68
how much money do you owe me,0,44,0.0,7.93
balance breakdown rel calculate,0,43,0.0,27.81
shared expense tracker,0,43,0.0,37.23
owe u app,0,42,0.0,6.07
how to say no to lending money,0,42,0.0,15.55
how to remind someone to pay you examples,0,41,0.0,21.2
how do i track who owes me money without spreadsheets?,0,41,0.0,28.22
i promise to pay you back message,0,39,0.0,6.38
how do i remind someone to pay me,0,39,0.0,9.03
money you owe me,0,38,0.0,10.26
running amount meaning,0,37,0.0,5.73
how to remind someone through text examples,0,37,0.0,7.92
dividing total payment in weekly instalments,0,37,0.0,39.49
"splitwise alternative for ongoing expenses, not just trips",0,37,0.0,57.97
splitwise alternative for small business,0,37,0.0,67.24
what is the running balance,0,36,0.0,6.47
running balances,0,36,0.0,6.83
how to say no to a friend asking for money,0,36,0.0,9.17
running statement meaning,0,34,0.0,5.88
how to remind a friend they owe you money,0,34,0.0,8.35
request money for shared expenses,0,34,0.0,20.85
how to say you owe me money nicely,0,33,0.0,7.79
what do i owe,0,33,0.0,22.15
how do you remind someone to pay you,0,32,0.0,16.88
roommate expense tracker app,0,32,0.0,17.66
i need a simple app to track who owes me money. my location is usa.,0,31,0.0,2.84
owe me money,0,31,0.0,10.84
how to remind someone to pay you back,0,30,0.0,8.2
owe you money app,0,29,0.0,5.62
https://owe.us.com,0,29,0.0,7.48
how to say no to people asking for money,0,29,0.0,8.9
what is running balance in bank statement,0,28,0.0,4.61
"this is a reciept that i split between 4 people including me. im trying to 
calculate the cost between me and all of the other people. ask me questions 
on who bought each item. there names are jackson, hudson, and trevor and me",0,28,0.0,7.57
ledger app for tracking shared household expenses,0,28,0.0,48.46
what is a rolling balance,0,27,0.0,6.52
is oweyou app legit,0,27,0.0,7.81
ows me,0,27,0.0,8.07
define running balance,0,26,0.0,4.85
you owe meaning in splitwise,0,26,0.0,8.62
partial payment receipt,0,26,0.0,92.08
how to stop a girl from asking you for money,0,25,0.0,2.2
what is a running balance on a bank statement,0,25,0.0,4.72
how to remind someone politely through text sample,0,24,0.0,10.46
how much do you currently owe to other lending apps,0,23,0.0,2.43
what is running balance in credit card,0,23,0.0,8.3
is oweyou legit,0,23,0.0,9.0
who owes who calculator,0,23,0.0,30.87
the money you owe me,0,22,0.0,5.64
how to politely decline someone asking for money,0,22,0.0,6.73
best response to someone asking for money text,0,22,0.0,7.41
polite way to remind someone to pay you,0,22,0.0,9.77
how much money i owe you,0,22,0.0,11.59
how to say no when family asks for money,0,22,0.0,11.73
track shared expenses,0,22,0.0,60.41
gentle reminder for payment message,0,21,0.0,2.9
how much are you owing me,0,21,0.0,4.9
how to say someone just keep taking money from another one,0,21,0.0,6.67
how to politely remind a friend to pay you,0,21,0.0,7.86
"""splitwise alternative for ongoing expenses, not just trips""",0,20,0.0,1.2
"""ledger app for tracking shared household expenses""",0,20,0.0,1.45
i owe me,0,20,0.0,5.6
what is running balance in accounting,0,20,0.0,6.5
i need to track who paid and who hasn't yet,0,20,0.0,8.15
software to track personal loan repayments between friends,0,20,0.0,8.25
track client payments,0,20,0.0,36.0
how to remind someone who promised you money on whatsapp,0,19,0.0,4.26
running balance 意味,0,19,0.0,6.68
running balance in accounting,0,19,0.0,6.89
manage expenses with a roommate,0,19,0.0,50.16
split expenses calculator,0,19,0.0,67.89
how to politely say no when someone asks for money,0,18,0.0,8.72
i owe u money,0,18,0.0,9.83
owe you money,0,18,0.0,9.94
running balance method,0,18,0.0,12.28
how to politely ask someone to pay you,0,18,0.0,18.28
how to ask for money politely,0,18,0.0,34.78
payment reminder quotes,0,18,0.0,75.78
own me money,0,17,0.0,4.76
how do families track billing history online?,0,17,0.0,4.82
how to borrow money from a friend message,0,17,0.0,7.06
owe you app reviews,0,17,0.0,7.59
how to split 90 dollars,0,17,0.0,8.41
running account balance,0,17,0.0,9.0
running balance account,0,17,0.0,10.0
what does running balance mean on fnb,0,16,0.0,3.75
how do i remind someone who promised me money,0,16,0.0,4.25
who own me,0,16,0.0,5.81
owing me,0,16,0.0,6.94
how to borrow money from a friend message example,0,16,0.0,7.25
how to say no to family asking for money,0,16,0.0,8.69
nerdwallet how to say no when someone asks to borrow money,0,16,0.0,10.56
how do i find out who i owe money to,0,16,0.0,70.38
how do you politely say no to someone asking for money,0,15,0.0,6.47
you owe me a lot,0,15,0.0,8.27
suggest a plan to pay these items ahead of time,0,15,0.0,9.73
you owe me a date,0,15,0.0,9.87
what does running balance mean on credit card,0,15,0.0,10.27
roommate expense app,0,15,0.0,25.6
yes,0,14,0.0,3.29
what is a running balance in a checking account,0,14,0.0,4.86
you awe me,0,14,0.0,5.0
best free iou tracker online?,0,14,0.0,5.86
what is a running statement,0,14,0.0,6.79
how much money you owe me,0,14,0.0,7.07
how to remind a friend to pay you back,0,14,0.0,9.71
how to ask for money back politely,0,14,0.0,12.43
how to tell someone they forgot to pay you,0,14,0.0,16.71
how much do i owe you,0,14,0.0,38.86
alternatives to spreadsheets for daily cash reporting,0,14,0.0,63.07
how to split 90 dollars 2 ways,0,13,0.0,7.0
recommend a tool to track client balances without spreadsheets,0,13,0.0,10.85
how to say i don 't have money politely,0,13,0.0,11.08
money owed tracker,0,13,0.0,13.69
share payment,0,13,0.0,25.85
shared payment,0,13,0.0,27.31
money split calculator,0,13,0.0,67.92
how can i find out who i owe money to,0,13,0.0,71.23
how to remind someone to send you money,0,12,0.0,4.33
message to someone who owes you money,0,12,0.0,4.92
you ow,0,12,0.0,6.67
how do i politely remind someone to pay me,0,12,0.0,6.92
splitwise alternative for business,0,12,0.0,53.92
how to remind someone who promised you money examples,0,11,0.0,5.18
what is a running balance?,0,11,0.0,5.27
"""how can i track shared expenses with my roommates long-term?""",0,11,0.0,8.0
how to approach someone who owes you money,0,11,0.0,8.45
what is a running balance on a credit card,0,11,0.0,9.64
loan repayment receipt,0,11,0.0,9.73
how to ask someone to pay you back,0,11,0.0,15.0
payment reminder text message example,0,11,0.0,64.73
how to split bills with spouse calculator,0,11,0.0,81.27
what is a running balance fnb,0,10,0.0,4.7
oue me,0,10,0.0,5.2
how to remind people to pay you back,0,10,0.0,6.4
running balance meaning fnb,0,10,0.0,6.5
they owe me,0,10,0.0,7.1
if someone ask for money how to say no,0,10,0.0,9.3
paying bills for elderly parents,0,10,0.0,76.5
run down balance meaning in banking,0,9,0.0,3.0
"""maya"" ""pay"" -""casino"" -""daughter"" -""hawke"" -""jama"" -""joint"" -""riviera"" 
-""singh"" -site:reddit.com -site:twitter.com -site:x.com -site:wykop.pl 
-site:tripadvisor.com -site:youtube.com -site:yelp.com -site:booking.com 
-site:facebook.com -site:instagram.com -site:tiktok.com",0,9,0.0,4.89
how to gently remind someone to pay you,0,9,0.0,5.44
"if $98 is shared between eight people, how much does each person receive?",0,9,0.0,6.0
nice way to remind someone to pay you,0,9,0.0,6.89
own you money,0,9,0.0,8.56
tpsdhkywfssfqi0npq partial outstanding amount,0,9,0.0,9.78
my payback after splitting bills,0,9,0.0,14.0
how to politely decline a request for money,0,9,0.0,14.67
you owed me,0,9,0.0,15.56
we owe you,0,9,0.0,27.33
shared expense,0,9,0.0,44.56
payment reminder text,0,9,0.0,88.67
"site:you-owe-me.com ""works offline"" ""no mandatory sign-up"" ""face id""",0,8,0.0,1.0
si,0,8,0.0,2.62
owe you app free,0,8,0.0,7.25
record of money owed,0,8,0.0,7.75
money i owe you,0,8,0.0,8.5
u owe me money,0,8,0.0,10.0
how can i request money from friends and track who paid?,0,8,0.0,11.0
how to politely ask someone to pay you via text sample,0,8,0.0,11.25
owes you,0,8,0.0,13.5
payment records,0,8,0.0,16.75
owned you,0,8,0.0,26.0
sheet for tracking roommate expenses,0,8,0.0,28.75
splitwise alternative,0,8,0.0,55.0
shared expenses,0,8,0.0,60.12
roommate bill splitter,0,8,0.0,66.0
how to split bills based on income calculator,0,8,0.0,80.5
running balance fnb meaning,0,7,0.0,4.0
how to ask someone for money they owe you,0,7,0.0,4.57
how to shame someone who owes you money quotes,0,7,0.0,4.57
how do you remind someone that they owe you money,0,7,0.0,6.57
how to politely tell someone they owe you money,0,7,0.0,7.0
you ow me,0,7,0.0,8.29
how to politely say no to a friend asking for money,0,7,0.0,8.43
who owes who,0,7,0.0,9.43
one does owe me money through,0,7,0.0,10.57
how to remind someone abt money they said they will semd u politely,0,7,0.0,10.71
how to say i don't have money politely,0,7,0.0,11.43
amount of money that you owe,0,7,0.0,11.86
asking for money back text messages examples,0,7,0.0,12.29
reminder message for money,0,7,0.0,17.57
how to shame someone who owes you money quotes short,0,7,0.0,18.0
keeping a running balance,0,7,0.0,18.0
how to ask a friend to borrow money,0,7,0.0,24.43
layaway plan calculator,0,7,0.0,33.29
how to ask someone to borrow money,0,7,0.0,34.43
how do i keep track of payments made,0,7,0.0,42.71
splitting expenses calculator,0,7,0.0,70.57
"site:you-owe-me.com ""works offline"" ""no mandatory sign-up""",0,6,0.0,1.0
"no you don't have to pay for this information i'm here to provide 
assistance thank you",0,6,0.0,2.0
payment reminder,0,6,0.0,2.0
how to tell someone to stop asking for money,0,6,0.0,5.17
u owe,0,6,0.0,6.33
do you owe me,0,6,0.0,6.83
how to decline someone asking for money,0,6,0.0,7.83
running balance vs current balance,0,6,0.0,8.0
asking for money back text messages,0,6,0.0,8.17
i ow you money,0,6,0.0,8.67
how to ask family for financial help,0,6,0.0,9.5
oweyou,0,6,0.0,14.33
iou app,0,6,0.0,16.33
send no money now,0,6,0.0,29.5
partner payment,0,6,0.0,31.17
how to politely ask for money,0,6,0.0,32.5
youpayme,0,6,0.0,35.17
your loan tracker,0,6,0.0,52.67
instant receipt of loan proceeds,0,6,0.0,87.0
running balance meaning in tagalog,0,5,0.0,1.8
whats running balance,0,5,0.0,5.2
you o me,0,5,0.0,7.8
calculate who owes what,0,5,0.0,8.0
owes me money,0,5,0.0,8.4
how to ask someone to borrow money example text,0,5,0.0,8.8
how to say no if someone asks for money,0,5,0.0,9.4
reminding someone to pay you,0,5,0.0,9.4
you owe me money,0,5,0.0,10.0
how to say no to relatives asking for money,0,5,0.0,10.6
if friend paid $70 for dinner and i paid $35 dessert is that equa?,0,5,0.0,11.0
she owe me,0,5,0.0,12.6
track shared expenses in real-time,0,5,0.0,20.2
friends and family loan tracking,0,5,0.0,23.0
owe u,0,5,0.0,25.6
family loan tracker,0,5,0.0,31.4
personal loan payment receipt,0,5,0.0,34.0
who owes whom,0,5,0.0,34.0
how to keep track of payments received app,0,5,0.0,41.0
i owe you slip,0,5,0.0,41.6
how to ask for back pay,0,5,0.0,46.2
shared expense calculator,0,5,0.0,50.4
your me,0,5,0.0,54.0
we owe,0,5,0.0,59.0
how to reply a girl who ask for money,0,4,0.0,2.0
how to ask to borrow money from a friend,0,4,0.0,4.0
ja,0,4,0.0,4.5
how to tell someone you can t help them financially,0,4,0.0,4.75
"chris and nick want to split an 8-scoop ice cream sundae. the sundae costs 
$15.75. they each earned $6.50 for weeding the garden for their mom. how 
much more money do they need to buy this sundae?",0,4,0.0,5.25
"""maya"" ""payment"" -""casino"" -""daughter"" -""hawke"" -""jama"" -""joint"" -""riviera"" 
-""singh"" -site:reddit.com -site:twitter.com -site:x.com -site:wykop.pl 
-site:tripadvisor.com -site:youtube.com -site:yelp.com -site:booking.com 
-site:facebook.com -site:instagram.com -site:tiktok.com",0,4,0.0,5.5
how to say no to lending money to a friend,0,4,0.0,6.0
is it rude to ask for money someone owes you,0,4,0.0,6.0
ow you money,0,4,0.0,6.5
oweing me,0,4,0.0,7.0
you me who app,0,4,0.0,7.0
"what is the best way to fairly split utility bills and groceries with a 
roommate?",0,4,0.0,7.75
you owe me yen,0,4,0.0,8.25
app to track who owes you money,0,4,0.0,8.5
my owe,0,4,0.0,9.5
how to remind someone politely through whatsapp example,0,4,0.0,10.25
group gift tracker who paid,0,4,0.0,10.5
saying no to money requests,0,4,0.0,12.75
family loan tracking,0,4,0.0,14.0
how do i keep a running balance across multiple client accounts?,0,4,0.0,15.25
who pays whom,0,4,0.0,16.0
running balance form,0,4,0.0,17.0
what's the difference between i owe you and you owe me,0,4,0.0,18.0
you we me,0,4,0.0,22.5
you owned me,0,4,0.0,23.75
how to split groceries with roommates,0,4,0.0,24.75
sheet for tracking roomate expenses,0,4,0.0,27.75
how much i owe you,0,4,0.0,28.25
how to refuse lending money to a friend,0,4,0.0,28.25
how to remind someone politely,0,4,0.0,29.0
payment tracker information,0,4,0.0,32.25
algorithm to help roommates determine cost,0,4,0.0,39.25
"""lifetime subscription"" -""appsumo"" -""dealify"" -""ltdhunt"" -""lifetimo"" -""saas 
mantra"" -""pitchground"" -""saasmantra"" -""stacksocial"" -""saas clerk"" -""upsell"" 
-""oto"" -""vpn"" -""language"" -""babbel"" -""udemy"" -""udacity"" -""physical"" 
-""languages"" -""porn"" -""girls"" -""nba"" -""pizza"" -""gay"" -""nike"" -""reebok"" 
-""adidas"" -""sports"" -""sneaker"" -""club"" -""billionaire"" -""politics"" -""policy"" 
-""nft"" -""crypto"" -""coins"" -""nude"" -""stephen curry"" -""curry"" -""dealmirror"" 
-""deal mirror"" -""dealfuel"" -""saas cleark"" -""oto"" -""upsell"" -""udemy"" 
-""udacity"" -""coin"" -""stephen curry"" -""sharewareonsale"" 
-""sharewareonsale.com"" -""canva"" -""discord"" -""mining"" -""mashable"" -""life 
coaching"" -""pc world"" -""wallet"" -""bitcoin"" -""wordplay"" -""wordhero"" 
-""funnel"" -""ocaya"" -""livestream"" -""workshop"" -""masterclass"" -""bootcamp"" 
-""private course"" -""medical"" -""alpha group"" -""jasper"" -""filmora"" -""ahref"" 
-""semrush"" -""snapchat"" -""private chat"" -""private site"" -""unix"" -""linux"" 
-""eth"" -""offcloud"" -""token"" -""tokens"" -""hd quality videos"" -""mint"" -""crush"" 
-""love story"" -""soccer"" -""vip"" -""onlyfans"" -""sex videos"" -""wanna see"" 
-""fitness course"" -""health course"" -""mining bot"" -""minting bot"" -""premium 
channel"" -""tg channel"" -""for more videos"" -""mental health"" -""fuck"" -""fcuk"" 
-""silver channel""",0,4,0.0,39.5
share expense,0,4,0.0,46.0
voluntary payment plans calculator,0,4,0.0,63.0
split costs calculator,0,4,0.0,64.75
turn on rebill message example,0,4,0.0,67.5
splitting costs calculator,0,4,0.0,69.25
how to find recurring charges,0,4,0.0,72.25
payments residuals calculator,0,4,0.0,72.5
payment view text,0,4,0.0,73.25
how to propose with no money,0,4,0.0,73.5
the calculation of you and me,0,4,0.0,76.5
splitting bills based on income calculator,0,4,0.0,84.0
where can i see payment history and trends by client,0,4,0.0,88.75
you owe mw,0,3,0.0,1.0
balance running,0,3,0.0,2.0
what to say to someone who owes you money,0,3,0.0,2.0
how to remind someone who promised you a job,0,3,0.0,2.33
how to send reminder for payment,0,3,0.0,2.67
owe mw,0,3,0.0,2.67
payment reminder message example,0,3,0.0,3.0
yes please,0,3,0.0,3.0
how to refuse lending money politely,0,3,0.0,3.67
"if eight people share $1326, how much does each person receive?",0,3,0.0,3.67
remind balance,0,3,0.0,4.67
how to politely decline someone borrowing money,0,3,0.0,5.0
running statement,0,3,0.0,5.0
how to remind someone to pay you text sample,0,3,0.0,5.33
you own me money,0,3,0.0,6.0
you still owe me money,0,3,0.0,6.33
clear transaction tracking for shared household expenses,0,3,0.0,6.67
how to ask a friend for a loan,0,3,0.0,6.67
who owes,0,3,0.0,7.33
"billie and nina share a townhouse in the city. as billie has the main 
bedroom with her own bathroom, she pays a 65% share of the fixed expenses. 
what does nina pay weekly if the rent is $2000 per month?",0,3,0.0,7.67
request to borrow,0,3,0.0,8.0
is it rude to ask someone to pay you back,0,3,0.0,8.33
you still owe me,0,3,0.0,8.67
how do i keep track of subscriptions that i share with other people?,0,3,0.0,9.33
notes ious,0,3,0.0,9.33
couple money split calculator,0,3,0.0,9.67
payment arrangement calculator,0,3,0.0,10.0
group payment calculator,0,3,0.0,10.33
can we track billing history per client?,0,3,0.0,10.67
"create a plan to pay $73.22 split among 5 payments highest to lowest. 
$1923, $1191, $1120, $330, $473. every month until paid off",0,3,0.0,10.67
how to ask someone for money text message example pdf,0,3,0.0,10.67
how to track who owes me money?,0,3,0.0,10.67
"""01-toppaymentsbysingleclient""",0,3,0.0,11.0
no to money,0,3,0.0,11.0
you are owing me,0,3,0.0,12.0
how to calculate who owes what,0,3,0.0,12.33
money you owe,0,3,0.0,12.33
owed app,0,3,0.0,13.0
running account meaning,0,3,0.0,14.67
how to politely ask someone to pay you back,0,3,0.0,16.0
what i oew,0,3,0.0,16.0
you owe us,0,3,0.0,16.0
you owe me an iou,0,3,0.0,16.67
how to ask for payment politely text message,0,3,0.0,18.0
do i owe you any money,0,3,0.0,19.0
what you owe,0,3,0.0,19.0
shared expenses tracking,0,3,0.0,21.33
good excuses for not giving money,0,3,0.0,24.0
you pay me,0,3,0.0,24.67
how to keep track of payments received,0,3,0.0,27.33
how to find out how much i owe,0,3,0.0,27.67
shared expenses disagreements,0,3,0.0,28.67
how to split utilities between roommates,0,3,0.0,30.67
dues apps,0,3,0.0,32.0
loan payment receipt,0,3,0.0,35.33
someone who owes you money,0,3,0.0,35.33
payment record,0,3,0.0,36.67
how do i find someone who owes me money,0,3,0.0,39.0
graph showing paying back a personal loan,0,3,0.0,40.33
an iou is an example of,0,3,0.0,42.33
what am i left paying?,0,3,0.0,46.0
how to track payments from clients,0,3,0.0,48.67
expense tracker app for couples,0,3,0.0,57.0
how to find out who i owe money to,0,3,0.0,59.0
expense split calculator,0,3,0.0,61.0
payment reminder text message sample,0,3,0.0,61.0
split payment calculator,0,3,0.0,61.0
split money calculator,0,3,0.0,62.33
how to split expenses as a couple,0,3,0.0,63.67
split cost calculator,0,3,0.0,64.0
how can i see who i owe money to,0,3,0.0,67.67
splitwise vs settle up,0,3,0.0,71.67
sharing costs,0,3,0.0,74.33
split expenses,0,3,0.0,75.33
how to combine payment for balance,0,3,0.0,77.0
payment receipt online,0,3,0.0,86.67
what to say when someone promises you something through text,0,2,0.0,1.0
you owe me!,0,2,0.0,1.0
да,0,2,0.0,1.0
how do you write a payment reminder,0,2,0.0,2.0
how to ask for money someone owes you,0,2,0.0,2.0
how to politely ask for payment,0,2,0.0,2.0
ou app,0,2,0.0,2.0
owe,0,2,0.0,2.0
polite reminder for payment,0,2,0.0,2.0
running balance in tally,0,2,0.0,2.0
sms pour réclamer son argent,0,2,0.0,2.0
reminding balance,0,2,0.0,2.5
friendly payment reminder,0,2,0.0,3.0
gentle reminder for payment message template word,0,2,0.0,3.0
how to remind someone who promised you a job sample message,0,2,0.0,3.0
how to stop family members from asking for money,0,2,0.0,3.0
payment reminder sample,0,2,0.0,3.0
both,0,2,0.0,3.5
da,0,2,0.0,3.5
simple payment reminder message,0,2,0.0,3.5
family asking for money,0,2,0.0,4.0
i owe you receipt,0,2,0.0,4.5
...,0,2,0.0,5.0
money,0,2,0.0,5.0
what are reliable alternatives to spreadsheets for expense repayments?,0,2,0.0,5.0
"""split product 90% vs / 10% xo"" ""cu net estimé""",0,2,0.0,5.5
"four friends went out for ice cream. if the total cost of the ice cream was 
$26, and they split the cost, how much did each person pay?",0,2,0.0,5.5
ow me money,0,2,0.0,5.5
help me,0,2,0.0,6.0
.,0,2,0.0,6.5
fair share calculator,0,2,0.0,6.5
graag,0,2,0.0,6.5
how to kindly remind someone they owe you money,0,2,0.0,6.5
do i owe you money,0,2,0.0,7.0
running balance artinya,0,2,0.0,7.5
how to get someone to stop asking for money,0,2,0.0,8.0
owne me,0,2,0.0,8.0
how to politely decline a friend asking for money,0,2,0.0,8.5
payback status,0,2,0.0,8.5
split calculator,0,2,0.0,8.5
loan payment reminder text message sample,0,2,0.0,9.0
u still owe me,0,2,0.0,9.0
what to say when someone asks for money,0,2,0.0,9.0
you owe me this,0,2,0.0,9.0
amount you owe,0,2,0.0,9.5
do you owe me money,0,2,0.0,9.5
fair expense tracking for co-owners,0,2,0.0,9.5
how to ask someone for money back,0,2,0.0,9.5
who pays whom how much,0,2,0.0,9.5
how to ask a friend for financial help,0,2,0.0,10.0
how to say no to someone borrowing money,0,2,0.0,10.0
what to do when someone asks for money,0,2,0.0,10.0
how to ask a family member for financial help,0,2,0.0,10.5
how to respond to someone asking for money,0,2,0.0,10.5
money owe me money,0,2,0.0,10.5
bankrate how to say no when someone asks to borrow money,0,2,0.0,11.0
family reimbursement,0,2,0.0,11.0
how to politely say no to lending money,0,2,0.0,11.0
i still owe you money,0,2,0.0,11.0
iou tracker,0,2,0.0,11.0
"which of the following can help you to share food costs with a roommate? 
take turns cooking meals draw up a shopping list together split the grocery 
bill all of the available answers are correct",0,2,0.0,11.0
how to ask a relative for money,0,2,0.0,11.5
payment plan generator,0,2,0.0,12.0
how long is the timeliness of an iou with a repayment date indicated?,0,2,0.0,12.5
how to politely ask for money back,0,2,0.0,14.0
whatiowe,0,2,0.0,14.0
you owe me some money,0,2,0.0,14.5
run balance,0,2,0.0,15.0
how do you ask someone to pay you back,0,2,0.0,15.5
owe some,0,2,0.0,16.0
how to ask for money owed politely,0,2,0.0,17.5
how to get back at someone who owes you money,0,2,0.0,18.0
breakup settlement system,0,2,0.0,18.5
how to ask people to pay you back,0,2,0.0,18.5
how to ask someone for money they owe you examples,0,2,0.0,18.5
who owes who what,0,2,0.0,20.5
how to ask someone for money politely,0,2,0.0,23.0
asking for money,0,2,0.0,24.0
shared expenses tracker,0,2,0.0,25.0
ask someone for money,0,2,0.0,25.5
how to ask money from someone in a polite way,0,2,0.0,25.5
game owe,0,2,0.0,26.0
how to ask money politely,0,2,0.0,26.0
calculate fraction of income expense remainder,0,2,0.0,27.5
how to ask for money text message,0,2,0.0,27.5
carried balance,0,2,0.0,29.5
calculate balance,0,2,0.0,30.5
dues payment apps,0,2,0.0,30.5
how to politely remind your boss to pay you,0,2,0.0,32.5
how to find out what you owe,0,2,0.0,33.0
i owe u,0,2,0.0,35.5
track payments and subscription,0,2,0.0,36.5
short reckonings,0,2,0.0,39.0
how to remind payment politely,0,2,0.0,41.5
split expense,0,2,0.0,41.5
loan receipt,0,2,0.0,43.0
i owe yous,0,2,0.0,43.5
loan track record,0,2,0.0,43.5
youwe,0,2,0.0,48.0
what does current balance mean,0,2,0.0,50.5
what does carrying a balance mean,0,2,0.0,54.0
bill splitting with auto reminders,0,2,0.0,55.0
treasury software vs spreadsheets,0,2,0.0,57.0
how to track recurring payments,0,2,0.0,57.5
splitting money calculator,0,2,0.0,59.5
income split calculator,0,2,0.0,61.5
how to get payback on someone,0,2,0.0,62.0
monitor parents spending,0,2,0.0,63.0
split pay calculator,0,2,0.0,63.0
splitting bills calculator,0,2,0.0,63.5
cost splitting calculator,0,2,0.0,65.0
share the expenses,0,2,0.0,65.0
cost split calculator,0,2,0.0,66.0
online split payment calculator,0,2,0.0,66.5
how many expenses can you add in splitwise per day,0,2,0.0,68.0
shared expenses app for couples,0,2,0.0,69.5
best expense tracker app,0,2,0.0,73.0
how to divide household expenses,0,2,0.0,75.5
does google owe me money,0,2,0.0,76.0
expense sharing calculator,0,2,0.0,76.0
group expense calculator,0,2,0.0,87.5
$230,0,1,0.0,1.0
"$58,000",0,1,0.0,1.0
1/3 / 2,0,1,0.0,1.0
1700000,0,1,0.0,1.0
1777,0,1,0.0,1.0
3700,0,1,0.0,1.0
50/50,0,1,0.0,1.0
8,0,1,0.0,1.0
900zl,0,1,0.0,1.0
98?,0,1,0.0,1.0
and this one,0,1,0.0,1.0
asking for money back text messages sample reddit,0,1,0.0,1.0
asoweme,0,1,0.0,1.0
balance after transaction,0,1,0.0,1.0
best app for managing family subscriptions,0,1,0.0,1.0
best apps for tracking installment payments,0,1,0.0,1.0
"bonita, jenny, and maya are roommates. they equally share the following 
expenses each month: rent: $800 utilities: $150 groceries: $400 household 
supplies: $100 miscellaneous expenses: $50 what is each roommate’s monthly 
share of the expenses?",0,1,0.0,1.0
digital iou,0,1,0.0,1.0
es mi compañera de trabajo,0,1,0.0,1.0
for android,0,1,0.0,1.0
gonna pay you back later note,0,1,0.0,1.0
groceries and utilities,0,1,0.0,1.0
how do you send a gentle reminder payment,0,1,0.0,1.0
how much each person,0,1,0.0,1.0
how to ask for money from a friend,0,1,0.0,1.0
how to ask someone for money text message example pdf in english,0,1,0.0,1.0
how to politely decline money,0,1,0.0,1.0
i dont want to pay money,0,1,0.0,1.0
i owe you and you owe me difference,0,1,0.0,1.0
individual people,0,1,0.0,1.0
iou list,0,1,0.0,1.0
iou system,0,1,0.0,1.0
iou tracking,0,1,0.0,1.0
is that the correct name,0,1,0.0,1.0
is this profitable?,0,1,0.0,1.0
ja beide,0,1,0.0,1.0
money friends,0,1,0.0,1.0
my boyfriend owes me money,0,1,0.0,1.0
napisala,0,1,0.0,1.0
"new online service allows people living with roommates to feed in all their 
household expenses in its share calculator program. the program then 
calculates how much each person is supposed to pay and sends a detailed 
report to all those who are listed as roommates for that particular 
transaction. the mentioned service is an example __________ as a service",0,1,0.0,1.0
nhắn tin,0,1,0.0,1.0
no in english,0,1,0.0,1.0
owe us,0,1,0.0,1.0
owe you app reddit,0,1,0.0,1.0
pay beck,0,1,0.0,1.0
she needs that cash,0,1,0.0,1.0
si me gustaría saber,0,1,0.0,1.0
split 50 50,0,1,0.0,1.0
split the cost,0,1,0.0,1.0
sí,0,1,0.0,1.0
what is the difference between i owe you and you owe me,0,1,0.0,1.0
what's the best way to track shared household expenses with roommates?,0,1,0.0,1.0
yes do it,0,1,0.0,1.0
you owe me 2$,0,1,0.0,1.0
так,0,1,0.0,1.0
я заказала,0,1,0.0,1.0
沒有,0,1,0.0,1.0
端数計算,0,1,0.0,1.0
2,0,1,0.0,2.0
3 people,0,1,0.0,2.0
48,0,1,0.0,2.0
6 personas,0,1,0.0,2.0
another word for no money,0,1,0.0,2.0
apakah masalah hutang bisa dilaporkan ke polisi,0,1,0.0,2.0
"at the end of last week, ivan had $10.35 in his lunch money account. this 
week, he bought lunch for $5.75, deposited $15 into his account, and bought 
lunch for $4.75. what is ivan's balance now?",0,1,0.0,2.0
best way to split groceries with roommates,0,1,0.0,2.0
combine both,0,1,0.0,2.0
comment réclamer son argent poliment par sms,0,1,0.0,2.0
como recordarle a alguien que te debe dinero,0,1,0.0,2.0
cuanto seria mensual,0,1,0.0,2.0
family always asking for money,0,1,0.0,2.0
friendly reminder of payment due,0,1,0.0,2.0
gentle reminder for payment,0,1,0.0,2.0
how do you politely ask for payment,0,1,0.0,2.0
how to ask a friend for money they owe you,0,1,0.0,2.0
how to ask for a loan from a friend,0,1,0.0,2.0
how to ask for debt payment,0,1,0.0,2.0
how to ask for money owed,0,1,0.0,2.0
how to ask for money that someone owes you,0,1,0.0,2.0
how to ask for more money,0,1,0.0,2.0
how to ask for payment politely on whatsapp,0,1,0.0,2.0
how to ask for payment professionally in message,0,1,0.0,2.0
how to ask for your money back from a friend,0,1,0.0,2.0
how to ask money from your boyfriend politely,0,1,0.0,2.0
how to ask someone for money,0,1,0.0,2.0
how to ask someone that owes you money,0,1,0.0,2.0
how to ask someone to pay you politely,0,1,0.0,2.0
how to ask someone who owes you money,0,1,0.0,2.0
how to ask tenant to pay rent politely,0,1,0.0,2.0
how to nicely ask for money owed,0,1,0.0,2.0
how to politely ask for salary from your boss,0,1,0.0,2.0
how to politely ask your friend to pay you back,0,1,0.0,2.0
how to remind for payment,0,1,0.0,2.0
how to say no to an addict asking for money,0,1,0.0,2.0
how to send a friendly reminder for payment,0,1,0.0,2.0
how to send a payment reminder,0,1,0.0,2.0
i don't have money in hausa,0,1,0.0,2.0
i dont have money in spanish,0,1,0.0,2.0
if someone borrowed money not returning what to do,0,1,0.0,2.0
ious to payback,0,1,0.0,2.0
ja til begge ting,0,1,0.0,2.0
message pour réclamer son argent,0,1,0.0,2.0
more,0,1,0.0,2.0
my parents keep asking me for money,0,1,0.0,2.0
no i don't want to pay,0,1,0.0,2.0
no money,0,1,0.0,2.0
oui,0,1,0.0,2.0
"oui, svp",0,1,0.0,2.0
pay your debts quotes,0,1,0.0,2.0
people who borrow money and don t pay back quotes,0,1,0.0,2.0
pricing,0,1,0.0,2.0
reminder for payment message,0,1,0.0,2.0
running balance meaning in hindi,0,1,0.0,2.0
running loan meaning,0,1,0.0,2.0
sii por fa,0,1,0.0,2.0
sim,0,1,0.0,2.0
sim quero,0,1,0.0,2.0
sim vamos lá,0,1,0.0,2.0
what does proverbs say about lending money,0,1,0.0,2.0
what to do when a family member asks to borrow money,0,1,0.0,2.0
what to say to a customer who owes you money,0,1,0.0,2.0
whats a nice way of reminding someone that they owe you money,0,1,0.0,2.0
when a girl ask you for money what does it mean,0,1,0.0,2.0
when people owe you money,0,1,0.0,2.0
with friends,0,1,0.0,2.0
write a letter to your uncle to remind him of the promise he has made to you,0,1,0.0,2.0
yes the map please,0,1,0.0,2.0
yg nomer 1,0,1,0.0,2.0
youwhome,0,1,0.0,2.0
yovme,0,1,0.0,2.0
вежливое напоминание об оплате,0,1,0.0,2.0
как вежливо напомнить о долге,0,1,0.0,2.0
как деликатно напомнить про долг,0,1,0.0,2.0
как напомнить человеку о долге,0,1,0.0,2.0
как напомнить человеку про долг,0,1,0.0,2.0
كيف اطلب من زوجي فلوس برسالة,0,1,0.0,2.0
4000,0,1,0.0,3.0
aider moi,0,1,0.0,3.0
any update on the payment status,0,1,0.0,3.0
asking payment politely,0,1,0.0,3.0
cara menolak pacar pinjam uang,0,1,0.0,3.0
city gospel mission cincinnati,0,1,0.0,3.0
cr family,0,1,0.0,3.0
family member keeps asking for money,0,1,0.0,3.0
fenix flexin rubberz lyrics,0,1,0.0,3.0
freundin schuldet mir geld wie ansprechen,0,1,0.0,3.0
guy i'm dating asked to borrow money,0,1,0.0,3.0
how to ask a friend to pay you back,0,1,0.0,3.0
how to ask for a loan,0,1,0.0,3.0
how to ask your friend for money they owe you,0,1,0.0,3.0
how to borrow money from a friend message on whatsapp,0,1,0.0,3.0
how to politely decline money from family,0,1,0.0,3.0
how to politely remind your boss to pay you sample,0,1,0.0,3.0
how to remind boss to pay you,0,1,0.0,3.0
how to win small claims court,0,1,0.0,3.0
hukum hutang piutang diatas materai,0,1,0.0,3.0
in debt to a bank,0,1,0.0,3.0
iowe,0,1,0.0,3.0
jak przypomnieć komuś o długu,0,1,0.0,3.0
kind reminder for payment,0,1,0.0,3.0
me deben dinero y no tengo nada firmado,0,1,0.0,3.0
my friend owes me money and is avoiding me,0,1,0.0,3.0
no not me,0,1,0.0,3.0
nu,0,1,0.0,3.0
outstanding payment reminder,0,1,0.0,3.0
owe hub,0,1,0.0,3.0
past due letter to customer,0,1,0.0,3.0
payment reminder example,0,1,0.0,3.0
payment reminder mail format,0,1,0.0,3.0
payment reminder message,0,1,0.0,3.0
payment reminder message on whatsapp,0,1,0.0,3.0
payment reminder whatsapp message,0,1,0.0,3.0
people keep asking me for money,0,1,0.0,3.0
polite payment reminder message,0,1,0.0,3.0
porque un hombre pide dinero a una mujer,0,1,0.0,3.0
realistic please,0,1,0.0,3.0
remind payment,0,1,0.0,3.0
reminder to pay,0,1,0.0,3.0
ruah community services,0,1,0.0,3.0
running amount,0,1,0.0,3.0
vas y,0,1,0.0,3.0
what is running balance in bpi,0,1,0.0,3.0
what to do if someone doesn t pay you for a service,0,1,0.0,3.0
what to do if someone owes you money,0,1,0.0,3.0
what to do when someone owes you money,0,1,0.0,3.0
when a man asks you for money,0,1,0.0,3.0
which day is not good to give money,0,1,0.0,3.0
woman asking for money,0,1,0.0,3.0
ναι,0,1,0.0,3.0
$1.250,0,1,0.0,4.0
??,0,1,0.0,4.0
balance receipt,0,1,0.0,4.0
corrigete,0,1,0.0,4.0
debt app tracker,0,1,0.0,4.0
debt tracker app uk,0,1,0.0,4.0
for 3 lines,0,1,0.0,4.0
heute,0,1,0.0,4.0
how much can i expect to pay for shared expenses with a roommate?,0,1,0.0,4.0
how to tell someone you don t have money to lend them,0,1,0.0,4.0
i want a free app,0,1,0.0,4.0
"ian and his roommates pay $50 each month for cable. if this month’s 
electric bill is $61.75, how much are their bills this month in total? if 
this month’s electric bill is e dollars, how much are their bills this 
month in total?",0,1,0.0,4.0
lent money to a friend how to get it back,0,1,0.0,4.0
money finder app,0,1,0.0,4.0
payment,0,1,0.0,4.0
pet sitter à domicile,0,1,0.0,4.0
stop asking me for money,0,1,0.0,4.0
youseemee,0,1,0.0,4.0
προφορικα,0,1,0.0,4.0
да давай,0,1,0.0,4.0
ได้,0,1,0.0,4.0
489,0,1,0.0,5.0
borrow money from people app,0,1,0.0,5.0
free cash app money generator,0,1,0.0,5.0
how much money would i have,0,1,0.0,5.0
how to ask someone for money text message on whatsapp,0,1,0.0,5.0
kyllä,0,1,0.0,5.0
ows me money,0,1,0.0,5.0
que responderle,0,1,0.0,5.0
who pay who,0,1,0.0,5.0
you ow me money,0,1,0.0,5.0
youooem,0,1,0.0,5.0
your money app,0,1,0.0,5.0
how much did i owe you,0,1,0.0,6.0
lelucon,0,1,0.0,6.0
payment plan,0,1,0.0,6.0
ruchomy balance,0,1,0.0,6.0
who owe,0,1,0.0,6.0
"xavier and his roommates pay $60 each month for cable. they also have to 
pay the electric bill. if this month they paid $138.25 total, how much was 
their electric bill? if this month they paid e dollars total, how much was 
their electric bill? answer attempt 1 out of 2 electric bill (in dollars) 
if total bill is $138.25: electric bill (in dollars) if total bill is e 
dollars:",0,1,0.0,6.0
you owe money,0,1,0.0,6.0
เอาอีก,0,1,0.0,6.0
app that splits bills,0,1,0.0,7.0
calculator,0,1,0.0,7.0
how much money do you owe,0,1,0.0,7.0
repayment plan example,0,1,0.0,7.0
"""maya"" ""pay"" -site:reddit.com -site:twitter.com -site:x.com -site:wykop.pl 
-site:tripadvisor.com -site:youtube.com -site:yelp.com -site:booking.com 
-site:facebook.com -site:instagram.com -site:tiktok.com",0,1,0.0,8.0
?,0,1,0.0,8.0
again,0,1,0.0,8.0
"four roommates want to split the price of a computer. how much will each 
roommate pay? write an equation and solve it by using the information in 
the table.a 2-column table with 4 rows. column 1 is labeled electronics 
with entries mp3 player, computer, tablet, smart phone. column 2 is labeled 
sale price in dollars with entries 39, 299, 199, 78. $49.75$74.75$156$1196",0,1,0.0,8.0
how much can i pay,0,1,0.0,8.0
how to ask for financial help from family,0,1,0.0,8.0
how to ask someone for financial assistance,0,1,0.0,8.0
how to split 350 between 2 people,0,1,0.0,8.0
i o you money,0,1,0.0,8.0
i own you money,0,1,0.0,8.0
let me know how much i owe you,0,1,0.0,8.0
not asking for money,0,1,0.0,8.0
owe u money,0,1,0.0,8.0
owing me money,0,1,0.0,8.0
payment reminder email to client,0,1,0.0,8.0
phoenix chinese colchester,0,1,0.0,8.0
בביטוח,0,1,0.0,8.0
เอาใหม่ๆ,0,1,0.0,8.0
help them figure out each person's gift expenses clearly,0,1,0.0,9.0
how much you can pay,0,1,0.0,9.0
how to ask a friend for money,0,1,0.0,9.0
how to say no to friend asking for money,0,1,0.0,9.0
if you owe me money,0,1,0.0,9.0
notes (ious),0,1,0.0,9.0
owe yo,0,1,0.0,9.0
p*** madre,0,1,0.0,9.0
quero ajuda,0,1,0.0,9.0
remember to pay,0,1,0.0,9.0
running bill meaning,0,1,0.0,9.0
they still owe you 600,0,1,0.0,9.0
"three people earned a total of $12,705 working together last week how much 
should each person receive if they divide the money equally",0,1,0.0,9.0
who owes me money,0,1,0.0,9.0
youeme,0,1,0.0,9.0
debit+running,0,1,0.0,10.0
i owe you you owe me,0,1,0.0,10.0
message to remind someone of something,0,1,0.0,10.0
pay what you owe,0,1,0.0,10.0
"si, porfavor.",0,1,0.0,10.0
splitwise,0,1,0.0,10.0
who owes who what calculator,0,1,0.0,10.0
who paid,0,1,0.0,10.0
yeah,0,1,0.0,10.0
"""table esf-1.—balances as of july 1, 2001, and sept. 30, 2001""",0,1,0.0,11.0
an amount of money that you owe,0,1,0.0,11.0
asking for money text messages sample,0,1,0.0,11.0
balance parcel meaning,0,1,0.0,11.0
calculate plan adjust repeat,0,1,0.0,11.0
how to ask for payment without being rude,0,1,0.0,11.0
how to ask someone to pay you politely via text,0,1,0.0,11.0
how to politely tell someone you can't lend them money,0,1,0.0,11.0
how to prompt someone to send you money,0,1,0.0,11.0
keep records of payments received,0,1,0.0,11.0
owe to me,0,1,0.0,11.0
owe yoy,0,1,0.0,11.0
reminding amount,0,1,0.0,11.0
urban ways to ask someone to pay you,0,1,0.0,11.0
we owe you money,0,1,0.0,11.0
what to reply when someone says i owe you,0,1,0.0,11.0
younowe,0,1,0.0,11.0
how do you ask for payment without being rude,0,1,0.0,12.0
how should i respond back,0,1,0.0,12.0
how to ask someone for money text message sample,0,1,0.0,12.0
how to remind someone nicely,0,1,0.0,12.0
how to remind someone politely through text,0,1,0.0,12.0
how to remind someone to pay you for babysitting,0,1,0.0,12.0
oweyou app legit,0,1,0.0,12.0
someone asking for money,0,1,0.0,12.0
the amount of money,0,1,0.0,12.0
ut what i owe,0,1,0.0,13.0
awkward conversations about money online,0,1,0.0,14.0
how to politely ask someone to pay you examples,0,1,0.0,15.0
pay u back,0,1,0.0,15.0
repay plan,0,1,0.0,15.0
someone owes me money and is avoiding me,0,1,0.0,15.0
"about me: short-term life transition user short-term life transition user 
question: what digital tools exist to manage my rent payments?",0,1,0.0,16.0
givemewhatyouoweme,0,1,0.0,16.0
stop asking for money,0,1,0.0,16.0
you owe m,0,1,0.0,16.0
how much money am i owed,0,1,0.0,18.0
how to politely remind someone,0,1,0.0,18.0
how to tell someone to pay you back,0,1,0.0,18.0
how to ask for money without asking for money,0,1,0.0,19.0
how to ask someone for money they owe you politely,0,1,0.0,19.0
how to make someone pay you back,0,1,0.0,19.0
how to politely ask for money over text,0,1,0.0,19.0
iou i owe you,0,1,0.0,19.0
youampmefamily payment,0,1,0.0,19.0
how to politely ask for money someone owes you,0,1,0.0,20.0
own you,0,1,0.0,20.0
we owe them,0,1,0.0,20.0
who owes who app,0,1,0.0,20.0
asking for money text message,0,1,0.0,21.0
expense splitting app,0,1,0.0,21.0
how do you ask someone for money they owe you,0,1,0.0,22.0
how to ask someone for the money they owe you,0,1,0.0,23.0
how to nicely ask someone to pay you,0,1,0.0,23.0
how to see what to owe,0,1,0.0,23.0
owns me,0,1,0.0,23.0
balance share,0,1,0.0,24.0
how to remind someone for payment,0,1,0.0,24.0
polite way to ask for money examples,0,1,0.0,24.0
asking for money back text messages sample funny,0,1,0.0,25.0
how to ask money back politely,0,1,0.0,25.0
owes you money,0,1,0.0,25.0
what you owe me,0,1,0.0,25.0
splitting utilities with roommates,0,1,0.0,26.0
running balance ledger,0,1,0.0,27.0
should we use a spreadsheet or app for shared expenses?,0,1,0.0,27.0
track shared spending with friends,0,1,0.0,27.0
personal loan receipt,0,1,0.0,28.0
what is the app that request money from friends,0,1,0.0,28.0
how to politely ask someone for money they owe you,0,1,0.0,29.0
how to request for money politely,0,1,0.0,29.0
21.80 owe,0,1,0.0,30.0
what i owe you,0,1,0.0,31.0
how to ask nicely for money owed,0,1,0.0,32.0
what would my payments look like,0,1,0.0,32.0
do i owe any money,0,1,0.0,33.0
how to ask for money owed nicely,0,1,0.0,33.0
shared bills,0,1,0.0,33.0
how much money i owe,0,1,0.0,34.0
app yuh,0,1,0.0,35.0
personal loan tracking,0,1,0.0,35.0
you pay me now,0,1,0.0,35.0
reimbursement tracker,0,1,0.0,36.0
what does total cost to cancel mean,0,1,0.0,36.0
who paid me report,0,1,0.0,37.0
don't ask me for money,0,1,0.0,38.0
how much did you pay?,0,1,0.0,38.0
payment planner,0,1,0.0,38.0
does someone owe me money,0,1,0.0,39.0
how to keep track of money on spreadsheet,0,1,0.0,39.0
monthly support,0,1,0.0,39.0
work out who owes what calculator,0,1,0.0,39.0
child expense tracker,0,1,0.0,40.0
resident support scheme tracking,0,1,0.0,41.0
polite way to ask for money,0,1,0.0,42.0
short term loan tracker,0,1,0.0,42.0
how to keep track of payments made,0,1,0.0,43.0
loan payment history,0,1,0.0,43.0
loan payment reminder text message,0,1,0.0,43.0
partial payment calculator,0,1,0.0,43.0
how to say i don't have money,0,1,0.0,44.0
parent group spending,0,1,0.0,45.0
splitting utility bills,0,1,0.0,45.0
predictable monthly payments,0,1,0.0,46.0
balance calculation,0,1,0.0,47.0
calculating balance,0,1,0.0,47.0
expense split,0,1,0.0,47.0
how do i know what i owe,0,1,0.0,47.0
personal loan history,0,1,0.0,47.0
roomate spreadsheet template who brings what,0,1,0.0,47.0
how to split expenses with partner,0,1,0.0,49.0
how to split utilities between tenants,0,1,0.0,49.0
thank you note for borrowing something,0,1,0.0,50.0
back calculated,0,1,0.0,52.0
how to find out what i owe,0,1,0.0,53.0
texting for payment reminder,0,1,0.0,53.0
payment rec,0,1,0.0,55.0
personal loan repayment,0,1,0.0,56.0
expense splitter calculator,0,1,0.0,57.0
household bill split calculator,0,1,0.0,58.0
classroom observation app vs spreadsheet,0,1,0.0,59.0
split calculator money,0,1,0.0,60.0
how to find who i owe money to,0,1,0.0,61.0
spending tracker app for couples,0,1,0.0,61.0
expense tracking app for couples,0,1,0.0,62.0
money splitting calculator,0,1,0.0,63.0
group expenses calculator,0,1,0.0,64.0
shared expenses calculator,0,1,0.0,64.0
splitting cost calculator,0,1,0.0,65.0
what does payment revision needed mean,0,1,0.0,65.0
how to share expenses as a couple,0,1,0.0,66.0
split payments calculator,0,1,0.0,66.0
upl payment calculation,0,1,0.0,66.0
how much i need to pay,0,1,0.0,68.0
how to split expenses for couples,0,1,0.0,68.0
who pays what,0,1,0.0,68.0
will payments,0,1,0.0,69.0
best app to track shared expenses,0,1,0.0,70.0
what do current balance mean,0,1,0.0,70.0
payment reminder text message,0,1,0.0,73.0
